cleanliness_score,odor_score,waste_level,water_availability,footfall,complaints,hours_since_cleaning,Actual_Risk,Predicted_Risk
7.6,4.6,21.4,1,489,4,3.9,Low,Low
6.9,4.1,66.7,1,326,7,0.5,Medium,Medium
3.7,7.6,78.5,1,522,11,2.6,High,High
6.9,4.3,50.8,1,434,2,0.7,Low,Medium
7.6,4.5,50.7,1,388,6,0.5,Medium,Low
7.2,5.2,31.6,1,199,2,14.3,Medium,Medium
8.1,4.5,25.5,1,436,4,7.8,Low,Low
6.8,3.7,59.6,1,635,3,6.1,Medium,Medium
7.2,5.5,44.2,1,287,2,2.6,Low,Medium
8.5,3.7,38.2,1,236,4,4.2,Low,Low
6.2,3.9,49.2,1,431,2,8.4,Medium,Low
9.4,1.0,10.2,1,237,0,0.9,Low,Low
6.9,4.7,40.2,1,410,5,3.9,Medium,Medium
6.2,4.8,13.3,1,39,2,20.2,Medium,Medium
6.6,3.0,37.7,1,351,3,1.7,Low,Low
6.0,5.9,46.8,1,365,4,5.8,Medium,Medium
5.4,6.2,47.5,1,337,3,5.7,Medium,Medium
6.1,5.5,51.6,0,403,11,17.2,High,High
10.0,1.0,0.0,1,318,0,8.6,Low,Low
5.5,8.1,62.7,1,406,6,23.3,High,High
6.3,3.9,26.5,1,314,2,1.5,Low,Low
3.9,5.1,63.3,0,25,7,1.8,High,High
8.2,2.8,26.8,1,759,0,14.7,Low,Low
6.0,4.4,50.6,0,524,6,0.5,High,Medium
6.1,4.3,43.6,1,530,2,6.7,Medium,Low
9.7,2.7,28.2,1,621,2,22.0,Low,Low
4.7,3.6,55.4,1,382,7,1.1,Medium,Medium
7.0,4.5,50.9,1,364,7,18.4,Medium,Medium
6.3,4.0,30.9,0,623,4,5.3,Medium,Medium
4.6,8.5,84.6,1,20,7,2.9,High,Medium
4.0,7.8,69.8,1,468,6,2.7,High,High
7.1,2.2,42.9,1,558,1,4.3,Low,Low
7.4,3.1,56.0,1,431,3,2.5,Low,Low
6.7,4.2,43.4,0,552,5,7.0,Medium,Medium
10.0,1.0,11.2,1,507,5,3.7,Low,Low
9.4,2.2,0.0,1,254,1,1.3,Low,Low
7.8,2.9,15.7,1,590,1,22.5,Low,Medium
7.4,2.6,42.7,1,431,4,4.5,Low,Low
10.0,1.0,5.1,1,20,0,1.2,Low,Low
8.0,4.5,52.0,1,304,4,3.2,Low,Low
6.5,4.8,39.1,1,293,5,13.6,Medium,Medium
6.3,6.9,50.2,1,380,5,5.9,Medium,Medium
4.1,6.3,47.9,1,630,4,12.6,High,High
10.0,1.0,1.1,1,129,0,2.6,Low,Low
5.9,5.8,59.8,1,324,4,11.1,Medium,Medium
8.6,1.8,35.4,1,304,2,8.0,Low,Low
4.6,7.4,56.1,1,762,6,14.5,High,High
9.0,5.3,46.1,1,360,4,4.1,Low,Low
3.3,8.1,84.9,0,357,10,6.9,High,High
9.7,2.9,13.3,1,770,4,1.1,Low,Low
5.5,5.6,72.9,1,432,3,0.8,Medium,Medium
3.7,8.5,72.5,1,20,8,4.1,High,Medium
7.8,2.3,38.4,1,438,4,0.5,Low,Low
5.0,6.1,61.5,0,824,9,8.9,High,High
7.2,2.3,45.2,1,659,3,5.4,Low,Medium
4.9,4.4,54.2,0,114,6,2.3,High,High
6.5,4.4,53.3,1,267,5,19.4,Medium,Medium
5.7,5.4,72.3,1,472,5,35.9,High,High
3.8,7.3,42.6,1,454,4,6.8,High,High
6.9,4.6,35.7,1,428,3,10.7,Medium,Medium
1.1,10.0,92.3,1,176,7,2.9,High,High
5.8,4.6,59.1,0,413,7,12.4,High,High
4.3,6.5,45.8,1,304,3,7.7,Medium,Medium
5.8,4.3,52.3,1,125,4,6.6,Medium,Medium
5.9,4.4,44.1,1,786,6,13.2,Medium,High
8.3,4.2,24.7,1,696,2,8.9,Low,Low
6.6,3.0,27.0,1,278,2,8.8,Low,Low
3.5,9.8,85.4,1,1148,11,10.9,High,High
6.2,4.9,33.5,1,439,4,9.6,Medium,Medium
6.8,3.6,41.5,0,377,5,3.0,Medium,Medium
3.3,7.2,76.2,1,571,9,9.7,High,High
5.0,4.8,89.9,1,472,5,15.1,High,High
6.9,4.4,26.2,1,651,3,0.5,Low,Low
4.1,6.9,39.7,1,347,4,6.5,Medium,High
4.5,6.4,32.1,1,450,5,7.2,Medium,Medium
9.0,2.5,17.6,0,330,3,4.6,Low,Medium
6.6,3.8,37.2,0,64,4,5.7,Medium,Medium
5.2,5.7,37.5,1,20,3,11.4,Medium,Medium
2.7,6.4,78.9,1,400,9,7.8,High,High
7.8,4.7,26.7,1,274,2,5.0,Low,Low
5.5,5.3,43.2,1,344,5,9.3,Medium,Medium
4.4,6.2,81.7,1,627,9,3.1,High,High
9.9,1.0,0.0,1,453,0,5.7,Low,Low
5.1,6.0,24.5,1,307,3,1.1,Medium,Medium
6.8,6.5,46.9,1,398,5,11.6,Medium,Medium
7.3,4.6,35.2,1,639,3,7.6,Medium,Low
6.7,4.1,51.0,1,819,1,2.2,Medium,Low
5.7,6.5,60.2,1,484,5,3.5,Medium,Medium
5.7,4.7,41.5,1,494,4,36.0,High,Medium
2.9,9.7,60.6,1,573,8,10.6,High,High
3.2,6.5,71.0,1,549,7,7.4,High,High
3.0,7.2,54.5,1,133,7,9.1,High,High
4.9,6.8,77.2,1,428,5,6.3,High,High
5.6,5.0,65.2,1,154,5,2.3,Medium,Medium
6.1,6.9,30.1,1,587,2,10.5,Medium,Medium
5.7,5.7,65.3,1,333,0,11.1,Medium,Medium
5.8,4.1,19.6,0,360,9,2.9,High,High
4.5,7.4,82.7,1,650,5,4.7,High,High
6.8,5.2,43.3,1,644,6,4.7,Medium,Medium
5.2,5.5,54.0,1,288,5,0.5,Medium,Medium
5.6,5.0,67.5,1,614,4,36.0,High,Medium
7.3,1.3,37.8,1,209,2,10.1,Low,Low
8.9,1.5,16.9,1,666,2,5.7,Low,Low
7.2,4.5,32.4,1,451,5,20.4,Medium,Medium
8.4,3.9,23.3,1,781,3,8.1,Low,Low
5.2,6.0,73.0,1,295,7,10.2,High,High
6.1,4.3,58.1,1,241,3,6.4,Medium,Medium
6.3,5.5,40.6,1,627,7,0.7,Medium,Medium
5.4,6.5,29.8,1,20,4,8.3,Medium,Medium
7.3,6.1,35.5,1,353,1,7.6,Medium,Low
3.8,6.4,59.4,1,649,6,5.0,High,High
5.1,3.9,56.7,1,432,2,3.8,Medium,Medium
7.2,4.7,25.7,1,140,5,6.2,Low,Medium
7.1,4.7,33.4,1,596,4,7.8,Medium,Medium
8.4,3.0,2.2,1,759,0,2.3,Low,Low
6.2,5.2,32.7,1,747,2,5.4,Medium,Medium
3.0,8.0,79.6,1,820,10,12.5,High,High
8.0,4.3,50.8,0,669,6,6.0,Medium,Low
4.6,8.2,77.5,1,375,6,14.2,High,High
5.1,6.8,64.2,1,666,4,7.3,High,Medium
6.4,3.5,43.4,1,594,6,12.7,Medium,High
6.5,1.8,41.2,1,679,7,5.5,Medium,Medium
4.8,5.4,65.9,1,667,5,4.5,High,Medium
6.2,3.1,35.3,1,368,2,5.0,Low,Low
9.8,3.5,30.1,1,584,0,10.8,Low,Low
7.5,4.8,20.1,0,581,6,1.7,Medium,Low
7.5,2.7,27.0,1,413,1,18.1,Low,Medium
5.6,6.2,32.0,1,45,5,0.5,Medium,Medium
7.5,2.3,2.4,1,350,0,12.2,Low,Low
6.9,1.6,26.7,1,757,3,0.5,Low,Medium
5.4,6.3,68.2,0,585,7,9.6,High,High
6.1,4.7,45.5,1,584,5,8.5,Medium,Medium
8.9,1.6,58.9,1,451,1,22.6,Low,Low
7.7,3.3,46.2,1,479,3,0.9,Low,Low
8.1,4.9,23.5,1,314,0,0.6,Low,Low
5.6,4.3,30.2,1,20,2,2.4,Low,Low
4.8,7.4,79.4,1,542,9,3.3,High,High
8.7,1.6,38.0,1,706,1,12.8,Low,Low
3.9,6.4,76.3,1,440,6,11.7,High,High
3.9,4.9,89.3,1,508,9,0.5,High,High
7.3,6.4,38.2,0,496,8,4.2,High,High
6.3,5.6,46.5,0,441,8,5.3,High,High
8.1,5.4,29.1,1,645,3,27.5,Medium,Medium
6.4,5.4,39.3,1,438,0,8.9,Medium,Medium
8.7,1.1,15.5,1,302,0,2.4,Low,Low
8.1,1.0,38.2,1,514,1,4.0,Low,Low
7.1,4.2,39.4,1,516,4,5.5,Medium,Medium
4.9,5.5,73.3,1,829,6,8.8,High,High
5.1,7.1,26.0,1,477,6,36.0,High,High
5.5,4.5,41.1,1,286,7,8.1,Medium,Medium
6.5,6.5,55.0,1,275,4,7.0,Medium,Medium
9.0,1.0,17.8,1,113,0,25.4,Low,Low
4.9,4.5,55.5,1,727,8,13.3,High,High
5.0,8.1,81.0,1,525,7,12.6,High,High
6.9,4.4,58.9,1,701,3,2.7,Medium,Medium
5.8,7.2,46.8,1,48,5,5.0,Medium,Medium
6.6,3.4,29.3,1,469,2,16.7,Medium,Low
4.7,6.6,67.9,0,308,10,4.1,High,High
5.1,4.5,55.9,1,598,7,5.3,Medium,High
6.7,3.6,51.6,1,379,3,2.1,Medium,Medium
2.6,7.8,87.4,1,416,8,3.2,High,High
8.2,1.9,4.0,1,424,0,11.9,Low,Low
5.5,5.2,36.6,1,522,5,7.7,Medium,Medium
7.6,3.6,24.8,1,220,4,28.3,Medium,Medium
6.1,4.6,54.8,1,311,7,0.5,Medium,Medium
4.2,7.1,52.1,1,501,6,11.2,High,High
6.4,7.5,33.3,1,802,5,1.0,Medium,Medium
7.1,2.6,52.2,1,328,0,4.4,Low,Medium
7.1,7.2,24.4,1,492,2,1.4,Medium,Low
7.2,1.6,26.4,1,579,5,10.3,Low,Medium
8.7,1.4,40.2,1,197,3,2.0,Low,Low
8.2,1.0,35.4,1,418,5,1.6,Low,Low
7.5,3.9,17.1,1,244,3,1.0,Low,Low
3.9,6.9,71.2,1,482,4,19.8,High,High
9.5,2.0,0.0,1,465,2,8.3,Low,Low
4.8,5.7,50.5,1,465,5,19.1,High,High
6.6,4.3,47.1,1,525,5,3.9,Medium,Medium
5.5,7.7,35.1,1,416,3,5.6,Medium,Medium
6.4,3.4,53.9,1,497,2,0.8,Low,Medium
4.6,5.4,75.4,1,416,7,0.5,High,High
2.2,7.3,81.1,0,524,10,1.5,High,High
7.9,4.4,35.2,1,327,3,17.7,Medium,Medium
6.2,3.9,30.2,1,859,5,2.8,Medium,Medium
8.2,5.5,28.6,1,688,2,3.0,Low,Low
7.7,2.3,56.1,1,473,2,0.6,Low,Low
5.9,7.9,38.4,1,566,8,9.5,High,Medium
7.2,3.2,37.7,1,827,4,2.1,Medium,Low
7.7,5.3,52.2,1,877,5,0.5,Medium,Low
8.9,2.6,16.7,1,397,3,18.2,Low,Low
6.8,4.9,22.7,1,393,5,5.3,Medium,Low
4.5,4.3,68.2,1,145,4,5.4,Medium,Medium
7.9,4.4,43.5,1,298,4,9.9,Medium,Low
9.7,1.0,0.0,1,298,1,4.1,Low,Low
7.5,5.2,31.3,1,771,7,19.1,Medium,Medium
6.2,7.1,50.3,1,70,4,2.9,Medium,Medium
6.3,5.1,56.3,1,20,3,3.3,Medium,Medium
7.8,4.5,17.6,1,614,2,8.6,Low,Low
